url_path,views_total,views_unique
/demichie/OpenPDAC-11,5,4
/demichie/OpenPDAC-11/tree/main,5,3
/demichie/OpenPDAC-11/tree/main/run,3,3
/demichie/OpenPDAC-11/tree/main/applications,3,2
/demichie/OpenPDAC-11/tree/main/applications/multiphaseEuler,2,2
/demichie/OpenPDAC-11/tree/main/applications/OpenPDAC,2,1
/demichie/OpenPDAC-11/blob/main/CODE_OF_CONDUCT.md,1,1
/demichie/OpenPDAC-11/blob/main/run/synthTopo/sortVTK.py,1,1
/demichie/OpenPDAC-11/tree/main/run/synthTopo,1,1
/demichie/OpenPDAC-11/tree/main/run/synthTopo2D,1,1
